{
  "test_suite": "N-ary Tree Production Readiness Tests",
  "timestamp": "2025-08-27T00:43:40.531137",
  "python_version": "3.15.0a0 (heads/feature/octrees-cpp17-dirty:1e52f7539f2, Aug 20 2025, 02:22:03) [GCC 12.2.0]",
  "total_runtime": 0.07536506652832031,
  "summary": {
    "total_tests": 5,
    "passed_tests": 5,
    "failed_tests": 0,
    "success_rate": 100.0,
    "production_ready": true
  },
  "key_metrics": {
    "Tree Creation Scaling_max_size_tested": 50000,
    "Tree Creation Scaling_peak_creation_rate": 2364586.762881948,
    "Real World Data Scenarios_scenarios_tested": 5,
    "Concurrent Access Patterns_reader_workers": 5,
    "Concurrent Access Patterns_writer_workers": 2,
    "Concurrent Access Patterns_iterations_per_worker": 100,
    "Concurrent Access Patterns_total_time": 0.003900289535522461,
    "Concurrent Access Patterns_errors": 0,
    "Concurrent Access Patterns_success_rate": 100.0,
    "Error Recovery Resilience_passed_tests": 3,
    "Error Recovery Resilience_total_tests": 3,
    "Throughput Limits_creation_throughput": 2695568.1233933163,
    "Throughput Limits_read_throughput": 28522978.578714725,
    "Throughput Limits_write_throughput": 3175097.65329296,
    "Throughput Limits_peak_memory_trees": 10000
  },
  "test_results": [
    {
      "test_name": "Tree Creation Scaling",
      "status": "PASSED",
      "metrics": {
        "scaling_results": [
          {
            "size": 100,
            "creation_time": 0.00011563301086425781,
            "trees_per_second": 864804.9484536082,
            "operations_per_second": 17848102.127659574,
            "memory_per_tree_estimate": 0.0011563301086425781
          },
          {
            "size": 500,
            "creation_time": 0.0002675056457519531,
            "trees_per_second": 1869119.4295900178,
            "operations_per_second": 34100032.520325206,
            "memory_per_tree_estimate": 0.0005350112915039062
          },
          {
            "size": 1000,
            "creation_time": 0.0004665851593017578,
            "trees_per_second": 2143231.476750128,
            "operations_per_second": 27503632.786885247,
            "memory_per_tree_estimate": 0.0004665851593017578
          },
          {
            "size": 5000,
            "creation_time": 0.002660036087036133,
            "trees_per_second": 1879673.7474231424,
            "operations_per_second": 26630501.587301586,
            "memory_per_tree_estimate": 0.0005320072174072265
          },
          {
            "size": 10000,
            "creation_time": 0.004229068756103516,
            "trees_per_second": 2364586.762881948,
            "operations_per_second": 23899168.09116809,
            "memory_per_tree_estimate": 0.00042290687561035155
          },
          {
            "size": 50000,
            "creation_time": 0.050943613052368164,
            "trees_per_second": 981477.3041048705,
            "operations_per_second": 22919693.989071038,
            "memory_per_tree_estimate": 0.0010188722610473633
          }
        ],
        "max_size_tested": 50000,
        "peak_creation_rate": 2364586.762881948
      },
      "notes": "",
      "timestamp": "2025-08-27T00:43:40.514996"
    },
    {
      "test_name": "Real World Data Scenarios",
      "status": "PASSED",
      "metrics": {
        "scenarios_tested": 5,
        "scenario_results": [
          {
            "name": "File System Tree",
            "trees_created": 105,
            "creation_time": 0.0002193450927734375,
            "operations_time": 1.0013580322265625e-05,
            "total_operations": 210,
            "status": "PASSED"
          },
          {
            "name": "Organization Hierarchy",
            "trees_created": 56,
            "creation_time": 0.0015501976013183594,
            "operations_time": 1.239776611328125e-05,
            "total_operations": 112,
            "status": "PASSED"
          },
          {
            "name": "Menu System",
            "trees_created": 17,
            "creation_time": 2.956390380859375e-05,
            "operations_time": 1.430511474609375e-06,
            "total_operations": 34,
            "status": "PASSED"
          },
          {
            "name": "Category Tree",
            "trees_created": 16,
            "creation_time": 1.9073486328125e-05,
            "operations_time": 9.5367431640625e-07,
            "total_operations": 32,
            "status": "PASSED"
          },
          {
            "name": "Decision Tree",
            "trees_created": 12,
            "creation_time": 7.867813110351562e-06,
            "operations_time": 7.152557373046875e-07,
            "total_operations": 24,
            "status": "PASSED"
          }
        ]
      },
      "notes": "",
      "timestamp": "2025-08-27T00:43:40.521000"
    },
    {
      "test_name": "Concurrent Access Patterns",
      "status": "PASSED",
      "metrics": {
        "reader_workers": 5,
        "writer_workers": 2,
        "iterations_per_worker": 100,
        "total_time": 0.003900289535522461,
        "errors": 0,
        "success_rate": 100.0
      },
      "notes": "",
      "timestamp": "2025-08-27T00:43:40.524937"
    },
    {
      "test_name": "Error Recovery Resilience",
      "status": "PASSED",
      "metrics": {
        "recovery_tests": [
          {
            "test": "Invalid operations",
            "status": "PASSED"
          },
          {
            "test": "Large data handling",
            "status": "PASSED"
          },
          {
            "test": "Rapid operations",
            "status": "PASSED"
          }
        ],
        "passed_tests": 3,
        "total_tests": 3
      },
      "notes": "",
      "timestamp": "2025-08-27T00:43:40.525481"
    },
    {
      "test_name": "Throughput Limits",
      "status": "PASSED",
      "metrics": {
        "creation_throughput": 2695568.1233933163,
        "read_throughput": 28522978.578714725,
        "write_throughput": 3175097.65329296,
        "peak_memory_trees": 10000
      },
      "notes": "",
      "timestamp": "2025-08-27T00:43:40.530330"
    }
  ],
  "recommendations": [
    "\u2713 All tests passed - Implementation is production ready",
    "\u2713 Memory management appears efficient",
    "\u2713 Concurrent access patterns work correctly",
    "\u2713 Performance characteristics are acceptable"
  ]
}