{
  "test_suite": "N-ary Tree Production Readiness Tests",
  "timestamp": "2025-08-27T00:44:14.801050",
  "python_version": "3.15.0a0 (heads/feature/octrees-cpp17-dirty:1e52f7539f2, Aug 20 2025, 02:22:03) [GCC 12.2.0]",
  "total_runtime": 0.06421089172363281,
  "summary": {
    "total_tests": 5,
    "passed_tests": 5,
    "failed_tests": 0,
    "success_rate": 100.0,
    "production_ready": true
  },
  "key_metrics": {
    "Tree Creation Scaling_max_size_tested": 50000,
    "Tree Creation Scaling_peak_creation_rate": 2388555.8086560364,
    "Real World Data Scenarios_scenarios_tested": 5,
    "Concurrent Access Patterns_reader_workers": 5,
    "Concurrent Access Patterns_writer_workers": 2,
    "Concurrent Access Patterns_iterations_per_worker": 100,
    "Concurrent Access Patterns_total_time": 0.006194114685058594,
    "Concurrent Access Patterns_errors": 0,
    "Concurrent Access Patterns_success_rate": 100.0,
    "Error Recovery Resilience_passed_tests": 3,
    "Error Recovery Resilience_total_tests": 3,
    "Throughput Limits_creation_throughput": 1778679.4453161443,
    "Throughput Limits_read_throughput": 20440077.97270955,
    "Throughput Limits_write_throughput": 2057039.7253555665,
    "Throughput Limits_peak_memory_trees": 10000
  },
  "test_results": [
    {
      "test_name": "Tree Creation Scaling",
      "status": "PASSED",
      "metrics": {
        "scaling_results": [
          {
            "size": 100,
            "creation_time": 8.153915405273438e-05,
            "trees_per_second": 1226404.678362573,
            "operations_per_second": 21509251.282051284,
            "memory_per_tree_estimate": 0.0008153915405273438
          },
          {
            "size": 500,
            "creation_time": 0.00020933151245117188,
            "trees_per_second": 2388555.8086560364,
            "operations_per_second": 21076904.522613067,
            "memory_per_tree_estimate": 0.00041866302490234375
          },
          {
            "size": 1000,
            "creation_time": 0.000518798828125,
            "trees_per_second": 1927529.4117647058,
            "operations_per_second": 19463127.610208817,
            "memory_per_tree_estimate": 0.000518798828125
          },
          {
            "size": 5000,
            "creation_time": 0.0026030540466308594,
            "trees_per_second": 1920820.6631251145,
            "operations_per_second": 30840470.588235293,
            "memory_per_tree_estimate": 0.000520610809326172
          },
          {
            "size": 10000,
            "creation_time": 0.004255771636962891,
            "trees_per_second": 2349750.1400560224,
            "operations_per_second": 28630061.4334471,
            "memory_per_tree_estimate": 0.00042557716369628906
          },
          {
            "size": 50000,
            "creation_time": 0.03333139419555664,
            "trees_per_second": 1500087.2662765912,
            "operations_per_second": 24528093.567251462,
            "memory_per_tree_estimate": 0.0006666278839111328
          }
        ],
        "max_size_tested": 50000,
        "peak_creation_rate": 2388555.8086560364
      },
      "notes": "",
      "timestamp": "2025-08-27T00:44:14.778346"
    },
    {
      "test_name": "Real World Data Scenarios",
      "status": "PASSED",
      "metrics": {
        "scenarios_tested": 5,
        "scenario_results": [
          {
            "name": "File System Tree",
            "trees_created": 105,
            "creation_time": 0.00025773048400878906,
            "operations_time": 1.5974044799804688e-05,
            "total_operations": 210,
            "status": "PASSED"
          },
          {
            "name": "Organization Hierarchy",
            "trees_created": 56,
            "creation_time": 0.0024023056030273438,
            "operations_time": 1.9073486328125e-05,
            "total_operations": 112,
            "status": "PASSED"
          },
          {
            "name": "Menu System",
            "trees_created": 17,
            "creation_time": 3.790855407714844e-05,
            "operations_time": 1.6689300537109375e-06,
            "total_operations": 34,
            "status": "PASSED"
          },
          {
            "name": "Category Tree",
            "trees_created": 16,
            "creation_time": 2.574920654296875e-05,
            "operations_time": 1.430511474609375e-06,
            "total_operations": 32,
            "status": "PASSED"
          },
          {
            "name": "Decision Tree",
            "trees_created": 12,
            "creation_time": 1.0967254638671875e-05,
            "operations_time": 1.430511474609375e-06,
            "total_operations": 24,
            "status": "PASSED"
          }
        ]
      },
      "notes": "",
      "timestamp": "2025-08-27T00:44:14.785456"
    },
    {
      "test_name": "Concurrent Access Patterns",
      "status": "PASSED",
      "metrics": {
        "reader_workers": 5,
        "writer_workers": 2,
        "iterations_per_worker": 100,
        "total_time": 0.006194114685058594,
        "errors": 0,
        "success_rate": 100.0
      },
      "notes": "",
      "timestamp": "2025-08-27T00:44:14.791693"
    },
    {
      "test_name": "Error Recovery Resilience",
      "status": "PASSED",
      "metrics": {
        "recovery_tests": [
          {
            "test": "Invalid operations",
            "status": "PASSED"
          },
          {
            "test": "Large data handling",
            "status": "PASSED"
          },
          {
            "test": "Rapid operations",
            "status": "PASSED"
          }
        ],
        "passed_tests": 3,
        "total_tests": 3
      },
      "notes": "",
      "timestamp": "2025-08-27T00:44:14.792295"
    },
    {
      "test_name": "Throughput Limits",
      "status": "PASSED",
      "metrics": {
        "creation_throughput": 1778679.4453161443,
        "read_throughput": 20440077.97270955,
        "write_throughput": 2057039.7253555665,
        "peak_memory_trees": 10000
      },
      "notes": "",
      "timestamp": "2025-08-27T00:44:14.799527"
    }
  ],
  "recommendations": [
    "\u2713 All tests passed - Implementation is production ready",
    "\u2713 Memory management appears efficient",
    "\u2713 Concurrent access patterns work correctly",
    "\u2713 Performance characteristics are acceptable"
  ]
}