{
  "test_suite": "N-ary Tree Production Readiness Tests",
  "timestamp": "2025-08-27T00:33:15.113092",
  "python_version": "3.15.0a0 (heads/feature/octrees-cpp17-dirty:1e52f7539f2, Aug 20 2025, 02:22:03) [GCC 12.2.0]",
  "total_runtime": 0.05093026161193848,
  "summary": {
    "total_tests": 5,
    "passed_tests": 5,
    "failed_tests": 0,
    "success_rate": 100.0,
    "production_ready": true
  },
  "key_metrics": {
    "Tree Creation Scaling_max_size_tested": 50000,
    "Tree Creation Scaling_peak_creation_rate": 2841669.376693767,
    "Real World Data Scenarios_scenarios_tested": 5,
    "Concurrent Access Patterns_reader_workers": 5,
    "Concurrent Access Patterns_writer_workers": 2,
    "Concurrent Access Patterns_iterations_per_worker": 100,
    "Concurrent Access Patterns_total_time": 0.0064661502838134766,
    "Concurrent Access Patterns_errors": 0,
    "Concurrent Access Patterns_success_rate": 100.0,
    "Error Recovery Resilience_passed_tests": 3,
    "Error Recovery Resilience_total_tests": 3,
    "Throughput Limits_creation_throughput": 2601280.079384768,
    "Throughput Limits_read_throughput": 32375947.51061366,
    "Throughput Limits_write_throughput": 2866920.02734108,
    "Throughput Limits_peak_memory_trees": 10000
  },
  "test_results": [
    {
      "test_name": "Tree Creation Scaling",
      "status": "PASSED",
      "metrics": {
        "scaling_results": [
          {
            "size": 100,
            "creation_time": 6.246566772460938e-05,
            "trees_per_second": 1600879.3893129772,
            "operations_per_second": 27060025.80645161,
            "memory_per_tree_estimate": 0.0006246566772460938
          },
          {
            "size": 500,
            "creation_time": 0.0002186298370361328,
            "trees_per_second": 2286970.5561613957,
            "operations_per_second": 45590260.86956522,
            "memory_per_tree_estimate": 0.0004372596740722656
          },
          {
            "size": 1000,
            "creation_time": 0.00035190582275390625,
            "trees_per_second": 2841669.376693767,
            "operations_per_second": 59918628.571428575,
            "memory_per_tree_estimate": 0.00035190582275390625
          },
          {
            "size": 5000,
            "creation_time": 0.0021088123321533203,
            "trees_per_second": 2371002.826455625,
            "operations_per_second": 31775030.303030305,
            "memory_per_tree_estimate": 0.00042176246643066406
          },
          {
            "size": 10000,
            "creation_time": 0.0055158138275146484,
            "trees_per_second": 1812969.094445645,
            "operations_per_second": 28630061.4334471,
            "memory_per_tree_estimate": 0.0005515813827514648
          },
          {
            "size": 50000,
            "creation_time": 0.024881839752197266,
            "trees_per_second": 2009497.709894406,
            "operations_per_second": 26379270.440251574,
            "memory_per_tree_estimate": 0.0004976367950439453
          }
        ],
        "max_size_tested": 50000,
        "peak_creation_rate": 2841669.376693767
      },
      "notes": "",
      "timestamp": "2025-08-27T00:33:15.095669"
    },
    {
      "test_name": "Real World Data Scenarios",
      "status": "PASSED",
      "metrics": {
        "scenarios_tested": 5,
        "scenario_results": [
          {
            "name": "File System Tree",
            "trees_created": 105,
            "creation_time": 0.000125885009765625,
            "operations_time": 6.198883056640625e-06,
            "total_operations": 210,
            "status": "PASSED"
          },
          {
            "name": "Organization Hierarchy",
            "trees_created": 56,
            "creation_time": 0.0014843940734863281,
            "operations_time": 1.2874603271484375e-05,
            "total_operations": 112,
            "status": "PASSED"
          },
          {
            "name": "Menu System",
            "trees_created": 17,
            "creation_time": 3.24249267578125e-05,
            "operations_time": 1.430511474609375e-06,
            "total_operations": 34,
            "status": "PASSED"
          },
          {
            "name": "Category Tree",
            "trees_created": 16,
            "creation_time": 1.9550323486328125e-05,
            "operations_time": 9.5367431640625e-07,
            "total_operations": 32,
            "status": "PASSED"
          },
          {
            "name": "Decision Tree",
            "trees_created": 12,
            "creation_time": 8.344650268554688e-06,
            "operations_time": 7.152557373046875e-07,
            "total_operations": 24,
            "status": "PASSED"
          }
        ]
      },
      "notes": "",
      "timestamp": "2025-08-27T00:33:15.100200"
    },
    {
      "test_name": "Concurrent Access Patterns",
      "status": "PASSED",
      "metrics": {
        "reader_workers": 5,
        "writer_workers": 2,
        "iterations_per_worker": 100,
        "total_time": 0.0064661502838134766,
        "errors": 0,
        "success_rate": 100.0
      },
      "notes": "",
      "timestamp": "2025-08-27T00:33:15.106701"
    },
    {
      "test_name": "Error Recovery Resilience",
      "status": "PASSED",
      "metrics": {
        "recovery_tests": [
          {
            "test": "Invalid operations",
            "status": "PASSED"
          },
          {
            "test": "Large data handling",
            "status": "PASSED"
          },
          {
            "test": "Rapid operations",
            "status": "PASSED"
          }
        ],
        "passed_tests": 3,
        "total_tests": 3
      },
      "notes": "",
      "timestamp": "2025-08-27T00:33:15.107267"
    },
    {
      "test_name": "Throughput Limits",
      "status": "PASSED",
      "metrics": {
        "creation_throughput": 2601280.079384768,
        "read_throughput": 32375947.51061366,
        "write_throughput": 2866920.02734108,
        "peak_memory_trees": 10000
      },
      "notes": "",
      "timestamp": "2025-08-27T00:33:15.112212"
    }
  ],
  "recommendations": [
    "\u2713 All tests passed - Implementation is production ready",
    "\u2713 Memory management appears efficient",
    "\u2713 Concurrent access patterns work correctly",
    "\u2713 Performance characteristics are acceptable"
  ]
}