filesystem,test_name,files_created,create_time,read_time,disk_usage_kb,create_throughput,read_throughput,efficiency_bytes_per_file
ext4,small_files,500,0.11459040641784668,0.024581432342529297,92.828125,4363.367018498752,20340.555954297684,190.112
ext4,medium_files,500,0.1009676456451416,0.03595471382141113,584.0,4952.081399989138,13906.382414376181,1196.032
ext4,large_files,50,0.008653640747070312,0.006154775619506836,524.0,5777.914921754464,8123.773000193686,10731.52
narytree_fuse,small_files,500,5.86184287071228,0.21028733253479004,48.828125,85.29740749247418,2377.6990937734195,100.0
narytree_fuse,medium_files,500,7.185901641845703,0.16748809814453125,500.0,69.58069076375149,2985.286748963695,1024.0
narytree_fuse,large_files,50,-1.3212482929229736,0.016019105911254883,500.0,0,3121.2728273973416,10240.0
