entries,data_size_gb,ext4_memory_mb,ext4_disk_gb,ext4_ram_percent,zfs_memory_mb,zfs_disk_gb,zfs_ram_percent,btrfs_memory_mb,btrfs_disk_gb,btrfs_ram_percent,narytree_auto_memory_mb,narytree_auto_disk_gb,narytree_auto_ram_percent,narytree_lazy_memory_mb,narytree_lazy_disk_gb,narytree_lazy_ram_percent,ext4_rebalances,zfs_rebalances,btrfs_rebalances,auto_rebalances,lazy_rebalances
1000,0.1,0.07,0.1072265625,0.0,7208.98,0.13802734375,44.0,0.05,0.14880859375,0.0,0.16,0.13517578125,0.001,0.11,0.12578125,0.001,0,0,0,210,10
10000,1,0.67,1.072275390625,0.004,7209.2,1.380322265625,44.001,0.46,1.4880859375,0.003,1.56,1.351708984375,0.009,1.05,1.25783203125,0.006,0,0,0,2100,100
50000,5,3.35,5.36138671875,0.02,7210.15,6.901611328125,44.007,2.3,7.44041015625,0.014,7.78,6.758544921875,0.047,5.26,6.289140625,0.032,0,0,0,10500,500
100000,10,6.69,10.722763671875,0.041,7211.34,13.803212890625,44.015,4.61,14.8808203125,0.028,15.56,13.517099609375,0.095,10.51,12.578291015625,0.064,0,0,0,21000,1000
500000,50,33.47,53.613828125,0.204,7220.88,69.016064453125,44.073,23.03,74.404091796875,0.141,77.82,67.585498046875,0.475,52.57,62.8914453125,0.321,0,0,0,105000,5000
1000000,100,66.95,107.227646484375,0.409,7232.8,138.03212890625,44.146,46.06,148.80818359375,0.281,155.64,135.170986328125,0.95,105.14,125.782880859375,0.642,0,0,0,210000,10000
5000000,500,334.74,536.1382421875,2.043,7328.17,690.160654296875,44.728,230.31,744.04091796875,1.406,778.2,675.854951171875,4.75,525.71,628.914404296875,3.209,0,0,0,1050000,50000
10000000,1000,669.48,1072.276484375,4.086,7447.38,1380.32130859375,45.455,460.62,1488.081845703125,2.811,1556.4,1351.709912109375,9.499,1051.43,1257.828818359375,6.417,0,0,0,2100000,100000
