{
  "comparison": {
    "N_2": {
      "n_value": 2,
      "node_count": 100000,
      "original_memory_mb": 10.2996826171875,
      "auto_memory_mb": 13.885498046875,
      "hybrid_memory_mb": 6.293950080871582,
      "original_memory_per_node": 108.0,
      "auto_memory_per_node": 145.6,
      "hybrid_memory_per_node": 65.99685,
      "hybrid_traversal_speedup": 0.7751109533847043,
      "hybrid_search_speedup": 0.775186905257739,
      "hybrid_cache_efficiency": 0.5950212451592499,
      "hybrid_array_hit_ratio": 7e-05,
      "hybrid_array_nodes": 7,
      "hybrid_pointer_nodes": 99993,
      "hybrid_array_memory_mb": 0.000133514404296875,
      "hybrid_pointer_memory_mb": 6.10308837890625,
      "memory_improvement_vs_original": 38.89180555555555,
      "memory_improvement_vs_auto": 54.67249313186813
    },
    "N_3": {
      "n_value": 3,
      "node_count": 100000,
      "original_memory_mb": 9.42230224609375,
      "auto_memory_mb": 12.969970703125,
      "hybrid_memory_mb": 6.293692588806152,
      "original_memory_per_node": 98.8,
      "auto_memory_per_node": 136.0,
      "hybrid_memory_per_node": 65.99415,
      "hybrid_traversal_speedup": 0.775206061673863,
      "hybrid_search_speedup": 0.7753471181339506,
      "hybrid_cache_efficiency": 0.59503945554925,
      "hybrid_array_hit_ratio": 0.00013,
      "hybrid_array_nodes": 13,
      "hybrid_pointer_nodes": 99987,
      "hybrid_array_memory_mb": 0.000247955322265625,
      "hybrid_pointer_memory_mb": 6.10272216796875,
      "memory_improvement_vs_original": 33.204301619433195,
      "memory_improvement_vs_auto": 51.474889705882354
    },
    "N_4": {
      "n_value": 4,
      "node_count": 100000,
      "original_memory_mb": 9.42230224609375,
      "auto_memory_mb": 12.969970703125,
      "hybrid_memory_mb": 6.293349266052246,
      "original_memory_per_node": 98.8,
      "auto_memory_per_node": 136.0,
      "hybrid_memory_per_node": 65.99055,
      "hybrid_traversal_speedup": 0.7753328804628667,
      "hybrid_search_speedup": 0.7755607473203554,
      "hybrid_cache_efficiency": 0.59506373643325,
      "hybrid_array_hit_ratio": 0.00021,
      "hybrid_array_nodes": 21,
      "hybrid_pointer_nodes": 99979,
      "hybrid_array_memory_mb": 0.000400543212890625,
      "hybrid_pointer_memory_mb": 6.10223388671875,
      "memory_improvement_vs_original": 33.207945344129556,
      "memory_improvement_vs_auto": 51.477536764705874
    },
    "N_5": {
      "n_value": 5,
      "node_count": 100000,
      "original_memory_mb": 9.42230224609375,
      "auto_memory_mb": 12.969970703125,
      "hybrid_memory_mb": 6.292920112609863,
      "original_memory_per_node": 98.8,
      "auto_memory_per_node": 136.0,
      "hybrid_memory_per_node": 65.98605,
      "hybrid_traversal_speedup": 0.775491416383622,
      "hybrid_search_speedup": 0.7758278031186959,
      "hybrid_cache_efficiency": 0.5950940881232499,
      "hybrid_array_hit_ratio": 0.00031,
      "hybrid_array_nodes": 31,
      "hybrid_pointer_nodes": 99969,
      "hybrid_array_memory_mb": 0.000591278076171875,
      "hybrid_pointer_memory_mb": 6.10162353515625,
      "memory_improvement_vs_original": 33.2125,
      "memory_improvement_vs_auto": 51.48084558823529
    },
    "N_8": {
      "n_value": 8,
      "node_count": 100000,
      "original_memory_mb": 9.42230224609375,
      "auto_memory_mb": 12.969970703125,
      "hybrid_memory_mb": 6.2911176681518555,
      "original_memory_per_node": 98.8,
      "auto_memory_per_node": 136.0,
      "hybrid_memory_per_node": 65.96715,
      "hybrid_traversal_speedup": 0.776157418133936,
      "hybrid_search_speedup": 0.7769496718460478,
      "hybrid_cache_efficiency": 0.5952215723192499,
      "hybrid_array_hit_ratio": 0.00073,
      "hybrid_array_nodes": 73,
      "hybrid_pointer_nodes": 99927,
      "hybrid_array_memory_mb": 0.001392364501953125,
      "hybrid_pointer_memory_mb": 6.09906005859375,
      "memory_improvement_vs_original": 33.231629554655875,
      "memory_improvement_vs_auto": 51.49474264705882
    },
    "N_10": {
      "n_value": 10,
      "node_count": 100000,
      "original_memory_mb": 9.42230224609375,
      "auto_memory_mb": 12.969970703125,
      "hybrid_memory_mb": 6.289486885070801,
      "original_memory_per_node": 98.8,
      "auto_memory_per_node": 136.0,
      "hybrid_memory_per_node": 65.95005,
      "hybrid_traversal_speedup": 0.7767602011900072,
      "hybrid_search_speedup": 0.7779650221992097,
      "hybrid_cache_efficiency": 0.5953369250432498,
      "hybrid_array_hit_ratio": 0.00111,
      "hybrid_array_nodes": 111,
      "hybrid_pointer_nodes": 99889,
      "hybrid_array_memory_mb": 0.002117156982421875,
      "hybrid_pointer_memory_mb": 6.09674072265625,
      "memory_improvement_vs_original": 33.248937246963564,
      "memory_improvement_vs_auto": 51.50731617647059
    },
    "N_16": {
      "n_value": 16,
      "node_count": 100000,
      "original_memory_mb": 9.42230224609375,
      "auto_memory_mb": 12.969970703125,
      "hybrid_memory_mb": 6.282534599304199,
      "original_memory_per_node": 98.8,
      "auto_memory_per_node": 136.0,
      "hybrid_memory_per_node": 65.87715,
      "hybrid_traversal_speedup": 0.7793321998302934,
      "hybrid_search_speedup": 0.7822970992811913,
      "hybrid_cache_efficiency": 0.59582879721925,
      "hybrid_array_hit_ratio": 0.00273,
      "hybrid_array_nodes": 273,
      "hybrid_pointer_nodes": 99727,
      "hybrid_array_memory_mb": 0.005207061767578125,
      "hybrid_pointer_memory_mb": 6.08685302734375,
      "memory_improvement_vs_original": 33.32272267206478,
      "memory_improvement_vs_auto": 51.56091911764706
    },
    "N_32": {
      "n_value": 32,
      "node_count": 100000,
      "original_memory_mb": 9.42230224609375,
      "auto_memory_mb": 12.969970703125,
      "hybrid_memory_mb": 6.248888969421387,
      "original_memory_per_node": 98.8,
      "auto_memory_per_node": 136.0,
      "hybrid_memory_per_node": 65.52435,
      "hybrid_traversal_speedup": 0.7918307249443776,
      "hybrid_search_speedup": 0.8033419154439702,
      "hybrid_cache_efficiency": 0.59821162605925,
      "hybrid_array_hit_ratio": 0.01057,
      "hybrid_array_nodes": 1057,
      "hybrid_pointer_nodes": 98943,
      "hybrid_array_memory_mb": 0.020160675048828125,
      "hybrid_pointer_memory_mb": 6.03900146484375,
      "memory_improvement_vs_original": 33.6798076923077,
      "memory_improvement_vs_auto": 51.82033088235294
    },
    "metadata": {
      "timestamp": "2025-08-28T13:55:22.949573",
      "analysis_type": "comprehensive_implementation_comparison",
      "implementations_compared": [
        "original_lazy",
        "auto_rebalancing",
        "hybrid_array"
      ],
      "max_nodes_analyzed": 100000,
      "array_levels_tested": 3
    }
  },
  "performance_projections": {
    "N_2": {
      "interactive_gui": {
        "weighted_speedup": 0.8176226436081442,
        "cache_adjusted_speedup": 0.8993849079689586,
        "projected_improvement_percent": -10.061509203104135,
        "memory_efficiency": 0.5950212451592499,
        "recommendation": "Marginal benefit - 0.9x improvement for interactive_gui"
      },
      "batch_processing": {
        "weighted_speedup": 0.8176074532335373,
        "cache_adjusted_speedup": 0.8584878258952142,
        "projected_improvement_percent": -14.151217410478578,
        "memory_efficiency": 0.5950212451592499,
        "recommendation": "Marginal benefit - 0.9x improvement for batch_processing"
      },
      "real_time_search": {
        "weighted_speedup": 0.8176530243573582,
        "cache_adjusted_speedup": 0.9811836292288298,
        "projected_improvement_percent": -1.8816370771170154,
        "memory_efficiency": 0.5950212451592499,
        "recommendation": "Marginal benefit - 1.0x improvement for real_time_search"
      },
      "dynamic_updates": {
        "weighted_speedup": 0.9875706670669591,
        "cache_adjusted_speedup": 1.0369492004203071,