entries,btree_memory,btree_per_entry,btree_search_us,btree_insert_us,narytree_memory,narytree_per_entry,narytree_search_ms,narytree_insert_ms,memory_efficiency_ratio,performance_ratio
1000,35000,35.0,2.1,4.2,57344,57.344,0,0.0,0.610,1.000
10000,280000,28.0,3.8,7.5,569344,56.9344,0,0.1363,0.492,1.000
50000,1200000,24.0,5.2,12.1,2846720,56.9344,0,0.38858,0.422,1.000
100000,2200000,22.0,6.8,15.3,5689344,56.8934,0,1.21479,0.387,1.000
500000,10000000,20.0,9.1,22.7,28446720,56.8934,0,22.399800000000003,0.352,1.000
1000000,19000000,19.0,11.5,28.4,56889344,56.8893,0,48.380900000000004,0.334,1.000
